model,seed,mae,rmse
RandomForest,0,2.5249997774379462,2.904177027950573
RandomForest,1,2.496503271421647,2.885934066729553
RandomForest,2,2.5709248826760396,2.9520670785424574
RandomForest,3,2.4819005683899222,2.8608997707392954
RandomForest,4,2.525795938382453,2.9075531100373735
