{
  "slope": 0.001099021978022073,
  "intercept": -2.08557476923096,
  "r_squared": 0.9999551618759197,
  "p_value": 0.0,
  "confidence_interval_95": [
    0.0010953596169247506,
    0.0011026843391193954
  ],
  "years_included": 13,
  "years_excluded": 0,
  "excluded_years": []
}