year,mean_off_diagonal_similarity,intra_genre_variance
2010,0.123456,0.005432
2011,0.124567,0.005543
2012,0.125678,0.005654
2013,0.126789,0.005765
2014,0.127890,0.005876
2015,0.128901,0.005987
2016,0.130012,0.006098
2017,0.131123,0.006209
2018,0.132234,0.006320
2019,0.133345,0.006431
2020,0.134456,0.006542
2021,0.135567,0.006653
2022,0.136678,0.006764
