{
  "total_molecules": 5,
  "excluded_count": 2,
  "included_count": 3,
  "exclusion_rate": 0.4,
  "mean_sasa": 30.266666666666666,
  "std_sasa": 8.130693449344335,
  "min_sasa": 20.5,
  "max_sasa": 40.1,
  "mean_mw": 60.09666666666666,
  "std_mw": 11.193926246101636,
  "min_mw": 46.07,
  "max_mw": 74.12,
  "mean_logp": 0.5,
  "std_logp": 0.750555714191892,
  "min_logp": -0.3,
  "max_logp": 1.3,
  "mean_num_atoms": 7.0,
  "std_num_atoms": 2.0,
  "min_num_atoms": 5,
  "max_num_atoms": 9
}