{
  "linear": {
    "R2": 0.19983804217377643,
    "AIC": 66665.45855868186,
    "BIC": 66680.3985760778,
    "MAE": 2.528481668406015
  },
  "quadratic": {
    "R2": 0.20010151289943567,
    "AIC": 66663.18884749705,
    "BIC": 66685.59887359096,
    "MAE": 2.528050681866932
  },
  "log_linear": {
    "R2": 0.1941564075598462,
    "AIC": 66757.19261286364,
    "BIC": 66772.13263025958,
    "MAE": 2.534087467044771
  }
}