method,noise,success_rate,avg_total_loss,avg_gate
SDAR,0.0,0.028,1.012517571216131,0.5064696402016401
SDAR,0.2,0.024,1.0162569077986645,0.5032113474833084
SDAR,0.4,0.034,1.0060586985737372,0.5007337321717195
Naive,0.0,0.024,1.101,1.0
Naive,0.2,0.034,1.091,1.0
Naive,0.4,0.036,1.089,1.0
